PassengerId,Survived,Pclass,Sex,Age,SibSp,Parch,Fare,Cabin,Embarked,FamilySize,Title
1,0,3,male,22.0,1,0,7.25,Unknown,S,2,Mr
2,1,1,female,38.0,1,0,71.2833,C85,C,2,Mrs
3,1,3,female,26.0,0,0,7.925,Unknown,S,1,Miss
4,1,1,female,35.0,1,0,53.1,C123,S,2,Mrs
5,0,3,male,35.0,0,0,8.05,Unknown,S,1,Mr
6,0,3,male,28.0,0,0,8.4583,Unknown,Q,1,Mr
7,0,1,male,54.0,0,0,51.8625,E46,S,1,Mr
8,0,3,male,2.0,3,1,21.075,Unknown,S,5,Master
9,1,3,female,27.0,0,2,11.1333,Unknown,S,3,Mrs
10,1,2,female,14.0,1,0,30.0708,Unknown,C,2,Mrs
11,1,3,female,4.0,1,1,16.7,G6,S,3,Miss
12,1,1,female,58.0,0,0,26.55,C103,S,1,Miss
13,0,3,male,20.0,0,0,8.05,Unknown,S,1,Mr
14,0,3,male,39.0,1,5,31.275,Unknown,S,7,Mr
15,0,3,female,14.0,0,0,7.8542,Unknown,S,1,Miss
16,1,2,female,55.0,0,0,16.0,Unknown,S,1,Mrs
17,0,3,male,2.0,4,1,29.125,Unknown,Q,6,Master
18,1,2,male,28.0,0,0,13.0,Unknown,S,1,Mr
19,0,3,female,31.0,1,0,18.0,Unknown,S,2,Mrs
20,1,3,female,28.0,0,0,7.225,Unknown,C,1,Mrs
21,0,2,male,35.0,0,0,26.0,Unknown,S,1,Mr
22,1,2,male,34.0,0,0,13.0,D56,S,1,Mr
23,1,3,female,15.0,0,0,8.0292,Unknown,Q,1,Miss
24,1,1,male,28.0,0,0,35.5,A6,S,1,Mr
25,0,3,female,8.0,3,1,21.075,Unknown,S,5,Miss
26,1,3,female,38.0,1,5,31.3875,Unknown,S,7,Mrs
27,0,3,male,28.0,0,0,7.225,Unknown,C,1,Mr
28,0,1,male,19.0,3,2,263.0,C23 C25 C27,S,6,Mr
29,1,3,female,28.0,0,0,7.8792,Unknown,Q,1,Miss
30,0,3,male,28.0,0,0,7.8958,Unknown,S,1,Mr
31,0,1,male,40.0,0,0,27.7208,Unknown,C,1,Royalty
32,1,1,female,28.0,1,0,146.5208,B78,C,2,Mrs
33,1,3,female,28.0,0,0,7.75,Unknown,Q,1,Miss
34,0,2,male,66.0,0,0,10.5,Unknown,S,1,Mr
35,0,1,male,28.0,1,0,82.1708,Unknown,C,2,Mr
36,0,1,male,42.0,1,0,52.0,Unknown,S,2,Mr
37,1,3,male,28.0,0,0,7.2292,Unknown,C,1,Mr
38,0,3,male,21.0,0,0,8.05,Unknown,S,1,Mr
39,0,3,female,18.0,2,0,18.0,Unknown,S,3,Miss
40,1,3,female,14.0,1,0,11.2417,Unknown,C,2,Miss
41,0,3,female,40.0,1,0,9.475,Unknown,S,2,Mrs
42,0,2,female,27.0,1,0,21.0,Unknown,S,2,Mrs
43,0,3,male,28.0,0,0,7.8958,Unknown,C,1,Mr
44,1,2,female,3.0,1,2,41.5792,Unknown,C,4,Miss
45,1,3,female,19.0,0,0,7.8792,Unknown,Q,1,Miss
46,0,3,male,28.0,0,0,8.05,Unknown,S,1,Mr
47,0,3,male,28.0,1,0,15.5,Unknown,Q,2,Mr
48,1,3,female,28.0,0,0,7.75,Unknown,Q,1,Miss
49,0,3,male,28.0,2,0,21.6792,Unknown,C,3,Mr
50,0,3,female,18.0,1,0,17.8,Unknown,S,2,Mrs
51,0,3,male,7.0,4,1,39.6875,Unknown,S,6,Master
52,0,3,male,21.0,0,0,7.8,Unknown,S,1,Mr
53,1,1,female,49.0,1,0,76.7292,D33,C,2,Mrs
54,1,2,female,29.0,1,0,26.0,Unknown,S,2,Mrs
55,0,1,male,65.0,0,1,61.9792,B30,C,2,Mr
56,1,1,male,28.0,0,0,35.5,C52,S,1,Mr
57,1,2,female,21.0,0,0,10.5,Unknown,S,1,Miss
58,0,3,male,28.5,0,0,7.2292,Unknown,C,1,Mr
59,1,2,female,5.0,1,2,27.75,Unknown,S,4,Miss
60,0,3,male,11.0,5,2,46.9,Unknown,S,8,Master
61,0,3,male,22.0,0,0,7.2292,Unknown,C,1,Mr
62,1,1,female,38.0,0,0,80.0,B28,S,1,Miss
63,0,1,male,45.0,1,0,83.475,C83,S,2,Mr
64,0,3,male,4.0,3,2,27.9,Unknown,S,6,Master
65,0,1,male,28.0,0,0,27.7208,Unknown,C,1,Mr
66,1,3,male,28.0,1,1,15.2458,Unknown,C,3,Master
67,1,2,female,29.0,0,0,10.5,F33,S,1,Mrs
68,0,3,male,19.0,0,0,8.1583,Unknown,S,1,Mr
69,1,3,female,17.0,4,2,7.925,Unknown,S,7,Miss
70,0,3,male,26.0,2,0,8.6625,Unknown,S,3,Mr
71,0,2,male,32.0,0,0,10.5,Unknown,S,1,Mr
72,0,3,female,16.0,5,2,46.9,Unknown,S,8,Miss
73,0,2,male,21.0,0,0,73.5,Unknown,S,1,Mr
74,0,3,male,26.0,1,0,14.4542,Unknown,C,2,Mr
75,1,3,male,32.0,0,0,56.4958,Unknown,S,1,Mr
76,0,3,male,25.0,0,0,7.65,F G73,S,1,Mr
77,0,3,male,28.0,0,0,7.8958,Unknown,S,1,Mr
78,0,3,male,28.0,0,0,8.05,Unknown,S,1,Mr
79,1,2,male,0.83,0,2,29.0,Unknown,S,3,Master
80,1,3,female,30.0,0,0,12.475,Unknown,S,1,Miss
81,0,3,male,22.0,0,0,9.0,Unknown,S,1,Mr
82,1,3,male,29.0,0,0,9.5,Unknown,S,1,Mr
83,1,3,female,28.0,0,0,7.7875,Unknown,Q,1,Miss
84,0,1,male,28.0,0,0,47.1,Unknown,S,1,Mr
85,1,2,female,17.0,0,0,10.5,Unknown,S,1,Miss
86,1,3,female,33.0,3,0,15.85,Unknown,S,4,Mrs
87,0,3,male,16.0,1,3,34.375,Unknown,S,5,Mr
88,0,3,male,28.0,0,0,8.05,Unknown,S,1,Mr
89,1,1,female,23.0,3,2,263.0,C23 C25 C27,S,6,Miss
90,0,3,male,24.0,0,0,8.05,Unknown,S,1,Mr
91,0,3,male,29.0,0,0,8.05,Unknown,S,1,Mr
92,0,3,male,20.0,0,0,7.8542,Unknown,S,1,Mr
93,0,1,male,46.0,1,0,61.175,E31,S,2,Mr
94,0,3,male,26.0,1,2,20.575,Unknown,S,4,Mr
95,0,3,male,59.0,0,0,7.25,Unknown,S,1,Mr
96,0,3,male,28.0,0,0,8.05,Unknown,S,1,Mr
97,0,1,male,71.0,0,0,34.6542,A5,C,1,Mr
98,1,1,male,23.0,0,1,63.3583,D10 D12,C,2,Mr
99,1,2,female,34.0,0,1,23.0,Unknown,S,2,Mrs
100,0,2,male,34.0,1,0,26.0,Unknown,S,2,Mr
101,0,3,female,28.0,0,0,7.8958,Unknown,S,1,Miss
102,0,3,male,28.0,0,0,7.8958,Unknown,S,1,Mr
103,0,1,male,21.0,0,1,77.2875,D26,S,2,Mr
104,0,3,male,33.0,0,0,8.6542,Unknown,S,1,Mr
105,0,3,male,37.0,2,0,7.925,Unknown,S,3,Mr
106,0,3,male,28.0,0,0,7.8958,Unknown,S,1,Mr
107,1,3,female,21.0,0,0,7.65,Unknown,S,1,Miss
108,1,3,male,28.0,0,0,7.775,Unknown,S,1,Mr
109,0,3,male,38.0,0,0,7.8958,Unknown,S,1,Mr
110,1,3,female,28.0,1,0,24.15,Unknown,Q,2,Miss
111,0,1,male,47.0,0,0,52.0,C110,S,1,Mr
112,0,3,female,14.5,1,0,14.4542,Unknown,C,2,Miss
113,0,3,male,22.0,0,0,8.05,Unknown,S,1,Mr
114,0,3,female,20.0,1,0,9.825,Unknown,S,2,Miss
115,0,3,female,17.0,0,0,14.4583,Unknown,C,1,Miss
116,0,3,male,21.0,0,0,7.925,Unknown,S,1,Mr
117,0,3,male,70.5,0,0,7.75,Unknown,Q,1,Mr
118,0,2,male,29.0,1,0,21.0,Unknown,S,2,Mr
119,0,1,male,24.0,0,1,247.5208,B58 B60,C,2,Mr
120,0,3,female,2.0,4,2,31.275,Unknown,S,7,Miss
121,0,2,male,21.0,2,0,73.5,Unknown,S,3,Mr
122,0,3,male,28.0,0,0,8.05,Unknown,S,1,Mr
123,0,2,male,32.5,1,0,30.0708,Unknown,C,2,Mr
124,1,2,female,32.5,0,0,13.0,E101,S,1,Miss
125,0,1,male,54.0,0,1,77.2875,D26,S,2,Mr
126,1,3,male,12.0,1,0,11.2417,Unknown,C,2,Master
127,0,3,male,28.0,0,0,7.75,Unknown,Q,1,Mr
128,1,3,male,24.0,0,0,7.1417,Unknown,S,1,Mr
129,1,3,female,28.0,1,1,22.3583,F E69,C,3,Miss
130,0,3,male,45.0,0,0,6.975,Unknown,S,1,Mr
131,0,3,male,33.0,0,0,7.8958,Unknown,C,1,Mr
132,0,3,male,20.0,0,0,7.05,Unknown,S,1,Mr
133,0,3,female,47.0,1,0,14.5,Unknown,S,2,Mrs
134,1,2,female,29.0,1,0,26.0,Unknown,S,2,Mrs
135,0,2,male,25.0,0,0,13.0,Unknown,S,1,Mr
136,0,2,male,23.0,0,0,15.0458,Unknown,C,1,Mr
137,1,1,female,19.0,0,2,26.2833,D47,S,3,Miss
138,0,1,male,37.0,1,0,53.1,C123,S,2,Mr
139,0,3,male,16.0,0,0,9.2167,Unknown,S,1,Mr
140,0,1,male,24.0,0,0,79.2,B86,C,1,Mr
141,0,3,female,28.0,0,2,15.2458,Unknown,C,3,Mrs
142,1,3,female,22.0,0,0,7.75,Unknown,S,1,Miss
143,1,3,female,24.0,1,0,15.85,Unknown,S,2,Mrs
144,0,3,male,19.0,0,0,6.75,Unknown,Q,1,Mr
145,0,2,male,18.0,0,0,11.5,Unknown,S,1,Mr
146,0,2,male,19.0,1,1,36.75,Unknown,S,3,Mr
147,1,3,male,27.0,0,0,7.7958,Unknown,S,1,Mr
148,0,3,female,9.0,2,2,34.375,Unknown,S,5,Miss
149,0,2,male,36.5,0,2,26.0,F2,S,3,Mr
150,0,2,male,42.0,0,0,13.0,Unknown,S,1,Officer
151,0,2,male,51.0,0,0,12.525,Unknown,S,1,Officer
152,1,1,female,22.0,1,0,66.6,C2,S,2,Mrs
153,0,3,male,55.5,0,0,8.05,Unknown,S,1,Mr
154,0,3,male,40.5,0,2,14.5,Unknown,S,3,Mr
155,0,3,male,28.0,0,0,7.3125,Unknown,S,1,Mr
156,0,1,male,51.0,0,1,61.3792,Unknown,C,2,Mr
157,1,3,female,16.0,0,0,7.7333,Unknown,Q,1,Miss
158,0,3,male,30.0,0,0,8.05,Unknown,S,1,Mr
159,0,3,male,28.0,0,0,8.6625,Unknown,S,1,Mr
160,0,3,male,28.0,8,2,69.55,Unknown,S,11,Master
161,0,3,male,44.0,0,1,16.1,Unknown,S,2,Mr
162,1,2,female,40.0,0,0,15.75,Unknown,S,1,Mrs
163,0,3,male,26.0,0,0,7.775,Unknown,S,1,Mr
164,0,3,male,17.0,0,0,8.6625,Unknown,S,1,Mr
165,0,3,male,1.0,4,1,39.6875,Unknown,S,6,Master
166,1,3,male,9.0,0,2,20.525,Unknown,S,3,Master
167,1,1,female,28.0,0,1,55.0,E33,S,2,Mrs
168,0,3,female,45.0,1,4,27.9,Unknown,S,6,Mrs
169,0,1,male,28.0,0,0,25.925,Unknown,S,1,Mr
170,0,3,male,28.0,0,0,56.4958,Unknown,S,1,Mr
171,0,1,male,61.0,0,0,33.5,B19,S,1,Mr
172,0,3,male,4.0,4,1,29.125,Unknown,Q,6,Master
173,1,3,female,1.0,1,1,11.1333,Unknown,S,3,Miss
174,0,3,male,21.0,0,0,7.925,Unknown,S,1,Mr
175,0,1,male,56.0,0,0,30.6958,A7,C,1,Mr
176,0,3,male,18.0,1,1,7.8542,Unknown,S,3,Mr
177,0,3,male,28.0,3,1,25.4667,Unknown,S,5,Master
178,0,1,female,50.0,0,0,28.7125,C49,C,1,Miss
179,0,2,male,30.0,0,0,13.0,Unknown,S,1,Mr
180,0,3,male,36.0,0,0,0.0,Unknown,S,1,Mr
181,0,3,female,28.0,8,2,69.55,Unknown,S,11,Miss
182,0,2,male,28.0,0,0,15.05,Unknown,C,1,Mr
183,0,3,male,9.0,4,2,31.3875,Unknown,S,7,Master
184,1,2,male,1.0,2,1,39.0,F4,S,4,Master
185,1,3,female,4.0,0,2,22.025,Unknown,S,3,Miss
186,0,1,male,28.0,0,0,50.0,A32,S,1,Mr
187,1,3,female,28.0,1,0,15.5,Unknown,Q,2,Mrs
188,1,1,male,45.0,0,0,26.55,Unknown,S,1,Mr
189,0,3,male,40.0,1,1,15.5,Unknown,Q,3,Mr
190,0,3,male,36.0,0,0,7.8958,Unknown,S,1,Mr
191,1,2,female,32.0,0,0,13.0,Unknown,S,1,Mrs
192,0,2,male,19.0,0,0,13.0,Unknown,S,1,Mr
193,1,3,female,19.0,1,0,7.8542,Unknown,S,2,Miss
194,1,2,male,3.0,1,1,26.0,F2,S,3,Master
195,1,1,female,44.0,0,0,27.7208,B4,C,1,Mrs
196,1,1,female,58.0,0,0,146.5208,B80,C,1,Miss
197,0,3,male,28.0,0,0,7.75,Unknown,Q,1,Mr
198,0,3,male,42.0,0,1,8.4042,Unknown,S,2,Mr
199,1,3,female,28.0,0,0,7.75,Unknown,Q,1,Miss
200,0,2,female,24.0,0,0,13.0,Unknown,S,1,Miss
201,0,3,male,28.0,0,0,9.5,Unknown,S,1,Mr
202,0,3,male,28.0,8,2,69.55,Unknown,S,11,Mr
203,0,3,male,34.0,0,0,6.4958,Unknown,S,1,Mr
204,0,3,male,45.5,0,0,7.225,Unknown,C,1,Mr
205,1,3,male,18.0,0,0,8.05,Unknown,S,1,Mr
206,0,3,female,2.0,0,1,10.4625,G6,S,2,Miss
207,0,3,male,32.0,1,0,15.85,Unknown,S,2,Mr
208,1,3,male,26.0,0,0,18.7875,Unknown,C,1,Mr
209,1,3,female,16.0,0,0,7.75,Unknown,Q,1,Miss
210,1,1,male,40.0,0,0,31.0,A31,C,1,Mr
211,0,3,male,24.0,0,0,7.05,Unknown,S,1,Mr
212,1,2,female,35.0,0,0,21.0,Unknown,S,1,Miss
213,0,3,male,22.0,0,0,7.25,Unknown,S,1,Mr
214,0,2,male,30.0,0,0,13.0,Unknown,S,1,Mr
215,0,3,male,28.0,1,0,7.75,Unknown,Q,2,Mr
216,1,1,female,31.0,1,0,113.275,D36,C,2,Miss
217,1,3,female,27.0,0,0,7.925,Unknown,S,1,Miss
218,0,2,male,42.0,1,0,27.0,Unknown,S,2,Mr
219,1,1,female,32.0,0,0,76.2917,D15,C,1,Miss
220,0,2,male,30.0,0,0,10.5,Unknown,S,1,Mr
221,1,3,male,16.0,0,0,8.05,Unknown,S,1,Mr
222,0,2,male,27.0,0,0,13.0,Unknown,S,1,Mr
223,0,3,male,51.0,0,0,8.05,Unknown,S,1,Mr
224,0,3,male,28.0,0,0,7.8958,Unknown,S,1,Mr
225,1,1,male,38.0,1,0,90.0,C93,S,2,Mr
226,0,3,male,22.0,0,0,9.35,Unknown,S,1,Mr
227,1,2,male,19.0,0,0,10.5,Unknown,S,1,Mr
228,0,3,male,20.5,0,0,7.25,Unknown,S,1,Mr
229,0,2,male,18.0,0,0,13.0,Unknown,S,1,Mr
230,0,3,female,28.0,3,1,25.4667,Unknown,S,5,Miss
231,1,1,female,35.0,1,0,83.475,C83,S,2,Mrs
232,0,3,male,29.0,0,0,7.775,Unknown,S,1,Mr
233,0,2,male,59.0,0,0,13.5,Unknown,S,1,Mr
234,1,3,female,5.0,4,2,31.3875,Unknown,S,7,Miss
235,0,2,male,24.0,0,0,10.5,Unknown,S,1,Mr
236,0,3,female,28.0,0,0,7.55,Unknown,S,1,Miss
237,0,2,male,44.0,1,0,26.0,Unknown,S,2,Mr
238,1,2,female,8.0,0,2,26.25,Unknown,S,3,Miss
239,0,2,male,19.0,0,0,10.5,Unknown,S,1,Mr
240,0,2,male,33.0,0,0,12.275,Unknown,S,1,Mr
241,0,3,female,28.0,1,0,14.4542,Unknown,C,2,Miss
242,1,3,female,28.0,1,0,15.5,Unknown,Q,2,Miss
243,0,2,male,29.0,0,0,10.5,Unknown,S,1,Mr
244,0,3,male,22.0,0,0,7.125,Unknown,S,1,Mr
245,0,3,male,30.0,0,0,7.225,Unknown,C,1,Mr
246,0,1,male,44.0,2,0,90.0,C78,Q,3,Officer
247,0,3,female,25.0,0,0,7.775,Unknown,S,1,Miss
248,1,2,female,24.0,0,2,14.5,Unknown,S,3,Mrs
249,1,1,male,37.0,1,1,52.5542,D35,S,3,Mr
250,0,2,male,54.0,1,0,26.0,Unknown,S,2,Officer
251,0,3,male,28.0,0,0,7.25,Unknown,S,1,Mr
252,0,3,female,29.0,1,1,10.4625,G6,S,3,Mrs
253,0,1,male,62.0,0,0,26.55,C87,S,1,Mr
254,0,3,male,30.0,1,0,16.1,Unknown,S,2,Mr
255,0,3,female,41.0,0,2,20.2125,Unknown,S,3,Mrs
256,1,3,female,29.0,0,2,15.2458,Unknown,C,3,Mrs
257,1,1,female,28.0,0,0,79.2,Unknown,C,1,Mrs
258,1,1,female,30.0,0,0,86.5,B77,S,1,Miss
259,1,1,female,35.0,0,0,512.3292,Unknown,C,1,Miss
260,1,2,female,50.0,0,1,26.0,Unknown,S,2,Mrs
261,0,3,male,28.0,0,0,7.75,Unknown,Q,1,Mr
262,1,3,male,3.0,4,2,31.3875,Unknown,S,7,Master
263,0,1,male,52.0,1,1,79.65,E67,S,3,Mr
264,0,1,male,40.0,0,0,0.0,B94,S,1,Mr
265,0,3,female,28.0,0,0,7.75,Unknown,Q,1,Miss
266,0,2,male,36.0,0,0,10.5,Unknown,S,1,Mr
267,0,3,male,16.0,4,1,39.6875,Unknown,S,6,Mr
268,1,3,male,25.0,1,0,7.775,Unknown,S,2,Mr
269,1,1,female,58.0,0,1,153.4625,C125,S,2,Mrs
270,1,1,female,35.0,0,0,135.6333,C99,S,1,Miss
271,0,1,male,28.0,0,0,31.0,Unknown,S,1,Mr
272,1,3,male,25.0,0,0,0.0,Unknown,S,1,Mr
273,1,2,female,41.0,0,1,19.5,Unknown,S,2,Mrs
274,0,1,male,37.0,0,1,29.7,C118,C,2,Mr
275,1,3,female,28.0,0,0,7.75,Unknown,Q,1,Miss
276,1,1,female,63.0,1,0,77.9583,D7,S,2,Miss
277,0,3,female,45.0,0,0,7.75,Unknown,S,1,Miss
278,0,2,male,28.0,0,0,0.0,Unknown,S,1,Mr
279,0,3,male,7.0,4,1,29.125,Unknown,Q,6,Master
280,1,3,female,35.0,1,1,20.25,Unknown,S,3,Mrs
281,0,3,male,65.0,0,0,7.75,Unknown,Q,1,Mr
282,0,3,male,28.0,0,0,7.8542,Unknown,S,1,Mr
283,0,3,male,16.0,0,0,9.5,Unknown,S,1,Mr
284,1,3,male,19.0,0,0,8.05,Unknown,S,1,Mr
285,0,1,male,28.0,0,0,26.0,A19,S,1,Mr
286,0,3,male,33.0,0,0,8.6625,Unknown,C,1,Mr
287,1,3,male,30.0,0,0,9.5,Unknown,S,1,Mr
288,0,3,male,22.0,0,0,7.8958,Unknown,S,1,Mr
289,1,2,male,42.0,0,0,13.0,Unknown,S,1,Mr
290,1,3,female,22.0,0,0,7.75,Unknown,Q,1,Miss
291,1,1,female,26.0,0,0,78.85,Unknown,S,1,Miss
292,1,1,female,19.0,1,0,91.0792,B49,C,2,Mrs
293,0,2,male,36.0,0,0,12.875,D,C,1,Mr
294,0,3,female,24.0,0,0,8.85,Unknown,S,1,Miss
295,0,3,male,24.0,0,0,7.8958,Unknown,S,1,Mr
296,0,1,male,28.0,0,0,27.7208,Unknown,C,1,Mr
297,0,3,male,23.5,0,0,7.2292,Unknown,C,1,Mr
298,0,1,female,2.0,1,2,151.55,C22 C26,S,4,Miss
299,1,1,male,28.0,0,0,30.5,C106,S,1,Mr
300,1,1,female,50.0,0,1,247.5208,B58 B60,C,2,Mrs
301,1,3,female,28.0,0,0,7.75,Unknown,Q,1,Miss
302,1,3,male,28.0,2,0,23.25,Unknown,Q,3,Mr
303,0,3,male,19.0,0,0,0.0,Unknown,S,1,Mr
304,1,2,female,28.0,0,0,12.35,E101,Q,1,Miss
305,0,3,male,28.0,0,0,8.05,Unknown,S,1,Mr
306,1,1,male,0.92,1,2,151.55,C22 C26,S,4,Master
307,1,1,female,28.0,0,0,110.8833,Unknown,C,1,Miss
308,1,1,female,17.0,1,0,108.9,C65,C,2,Mrs
309,0,2,male,30.0,1,0,24.0,Unknown,C,2,Mr
310,1,1,female,30.0,0,0,56.9292,E36,C,1,Miss
311,1,1,female,24.0,0,0,83.1583,C54,C,1,Miss
312,1,1,female,18.0,2,2,262.375,B57 B59 B63 B66,C,5,Miss
313,0,2,female,26.0,1,1,26.0,Unknown,S,3,Mrs
314,0,3,male,28.0,0,0,7.8958,Unknown,S,1,Mr
315,0,2,male,43.0,1,1,26.25,Unknown,S,3,Mr
316,1,3,female,26.0,0,0,7.8542,Unknown,S,1,Miss
317,1,2,female,24.0,1,0,26.0,Unknown,S,2,Mrs
318,0,2,male,54.0,0,0,14.0,Unknown,S,1,Officer
319,1,1,female,31.0,0,2,164.8667,C7,S,3,Miss
320,1,1,female,40.0,1,1,134.5,E34,C,3,Mrs
321,0,3,male,22.0,0,0,7.25,Unknown,S,1,Mr
322,0,3,male,27.0,0,0,7.8958,Unknown,S,1,Mr
323,1,2,female,30.0,0,0,12.35,Unknown,Q,1,Miss
324,1,2,female,22.0,1,1,29.0,Unknown,S,3,Mrs
325,0,3,male,28.0,8,2,69.55,Unknown,S,11,Mr
326,1,1,female,36.0,0,0,135.6333,C32,C,1,Miss
327,0,3,male,61.0,0,0,6.2375,Unknown,S,1,Mr
328,1,2,female,36.0,0,0,13.0,D,S,1,Mrs
329,1,3,female,31.0,1,1,20.525,Unknown,S,3,Mrs
330,1,1,female,16.0,0,1,57.9792,B18,C,2,Miss
331,1,3,female,28.0,2,0,23.25,Unknown,Q,3,Miss
332,0,1,male,45.5,0,0,28.5,C124,S,1,Mr
333,0,1,male,38.0,0,1,153.4625,C91,S,2,Mr
334,0,3,male,16.0,2,0,18.0,Unknown,S,3,Mr
335,1,1,female,28.0,1,0,133.65,Unknown,S,2,Mrs
336,0,3,male,28.0,0,0,7.8958,Unknown,S,1,Mr
337,0,1,male,29.0,1,0,66.6,C2,S,2,Mr
338,1,1,female,41.0,0,0,134.5,E40,C,1,Miss
339,1,3,male,45.0,0,0,8.05,Unknown,S,1,Mr
340,0,1,male,45.0,0,0,35.5,T,S,1,Mr
341,1,2,male,2.0,1,1,26.0,F2,S,3,Master
342,1,1,female,24.0,3,2,263.0,C23 C25 C27,S,6,Miss
343,0,2,male,28.0,0,0,13.0,Unknown,S,1,Mr
344,0,2,male,25.0,0,0,13.0,Unknown,S,1,Mr
345,0,2,male,36.0,0,0,13.0,Unknown,S,1,Mr
346,1,2,female,24.0,0,0,13.0,F33,S,1,Miss
347,1,2,female,40.0,0,0,13.0,Unknown,S,1,Miss
348,1,3,female,28.0,1,0,16.1,Unknown,S,2,Mrs
349,1,3,male,3.0,1,1,15.9,Unknown,S,3,Master
350,0,3,male,42.0,0,0,8.6625,Unknown,S,1,Mr
351,0,3,male,23.0,0,0,9.225,Unknown,S,1,Mr
352,0,1,male,28.0,0,0,35.0,C128,S,1,Mr
353,0,3,male,15.0,1,1,7.2292,Unknown,C,3,Mr
354,0,3,male,25.0,1,0,17.8,Unknown,S,2,Mr
355,0,3,male,28.0,0,0,7.225,Unknown,C,1,Mr
356,0,3,male,28.0,0,0,9.5,Unknown,S,1,Mr
357,1,1,female,22.0,0,1,55.0,E33,S,2,Miss
358,0,2,female,38.0,0,0,13.0,Unknown,S,1,Miss
359,1,3,female,28.0,0,0,7.8792,Unknown,Q,1,Miss
360,1,3,female,28.0,0,0,7.8792,Unknown,Q,1,Miss
361,0,3,male,40.0,1,4,27.9,Unknown,S,6,Mr
362,0,2,male,29.0,1,0,27.7208,Unknown,C,2,Mr
363,0,3,female,45.0,0,1,14.4542,Unknown,C,2,Mrs
364,0,3,male,35.0,0,0,7.05,Unknown,S,1,Mr
365,0,3,male,28.0,1,0,15.5,Unknown,Q,2,Mr
366,0,3,male,30.0,0,0,7.25,Unknown,S,1,Mr
367,1,1,female,60.0,1,0,75.25,D37,C,2,Mrs
368,1,3,female,28.0,0,0,7.2292,Unknown,C,1,Mrs
369,1,3,female,28.0,0,0,7.75,Unknown,Q,1,Miss
370,1,1,female,24.0,0,0,69.3,B35,C,1,Mrs
371,1,1,male,25.0,1,0,55.4417,E50,C,2,Mr
372,0,3,male,18.0,1,0,6.4958,Unknown,S,2,Mr
373,0,3,male,19.0,0,0,8.05,Unknown,S,1,Mr
374,0,1,male,22.0,0,0,135.6333,Unknown,C,1,Mr
375,0,3,female,3.0,3,1,21.075,Unknown,S,5,Miss
376,1,1,female,28.0,1,0,82.1708,Unknown,C,2,Mrs
377,1,3,female,22.0,0,0,7.25,Unknown,S,1,Miss
378,0,1,male,27.0,0,2,211.5,C82,C,3,Mr
379,0,3,male,20.0,0,0,4.0125,Unknown,C,1,Mr
380,0,3,male,19.0,0,0,7.775,Unknown,S,1,Mr
381,1,1,female,42.0,0,0,227.525,Unknown,C,1,Miss
382,1,3,female,1.0,0,2,15.7417,Unknown,C,3,Miss
383,0,3,male,32.0,0,0,7.925,Unknown,S,1,Mr
384,1,1,female,35.0,1,0,52.0,Unknown,S,2,Mrs
385,0,3,male,28.0,0,0,7.8958,Unknown,S,1,Mr
386,0,2,male,18.0,0,0,73.5,Unknown,S,1,Mr
387,0,3,male,1.0,5,2,46.9,Unknown,S,8,Master
388,1,2,female,36.0,0,0,13.0,Unknown,S,1,Miss
389,0,3,male,28.0,0,0,7.7292,Unknown,Q,1,Mr
390,1,2,female,17.0,0,0,12.0,Unknown,C,1,Miss
391,1,1,male,36.0,1,2,120.0,B96 B98,S,4,Mr
392,1,3,male,21.0,0,0,7.7958,Unknown,S,1,Mr
393,0,3,male,28.0,2,0,7.925,Unknown,S,3,Mr
394,1,1,female,23.0,1,0,113.275,D36,C,2,Miss
395,1,3,female,24.0,0,2,16.7,G6,S,3,Mrs
396,0,3,male,22.0,0,0,7.7958,Unknown,S,1,Mr
397,0,3,female,31.0,0,0,7.8542,Unknown,S,1,Miss
398,0,2,male,46.0,0,0,26.0,Unknown,S,1,Mr
399,0,2,male,23.0,0,0,10.5,Unknown,S,1,Officer
400,1,2,female,28.0,0,0,12.65,Unknown,S,1,Mrs
401,1,3,male,39.0,0,0,7.925,Unknown,S,1,Mr
402,0,3,male,26.0,0,0,8.05,Unknown,S,1,Mr
403,0,3,female,21.0,1,0,9.825,Unknown,S,2,Miss
404,0,3,male,28.0,1,0,15.85,Unknown,S,2,Mr
405,0,3,female,20.0,0,0,8.6625,Unknown,S,1,Miss
406,0,2,male,34.0,1,0,21.0,Unknown,S,2,Mr
407,0,3,male,51.0,0,0,7.75,Unknown,S,1,Mr
408,1,2,male,3.0,1,1,18.75,Unknown,S,3,Master
409,0,3,male,21.0,0,0,7.775,Unknown,S,1,Mr
410,0,3,female,28.0,3,1,25.4667,Unknown,S,5,Miss
411,0,3,male,28.0,0,0,7.8958,Unknown,S,1,Mr
412,0,3,male,28.0,0,0,6.8583,Unknown,Q,1,Mr
413,1,1,female,33.0,1,0,90.0,C78,Q,2,Miss
414,0,2,male,28.0,0,0,0.0,Unknown,S,1,Mr
415,1,3,male,44.0,0,0,7.925,Unknown,S,1,Mr
416,0,3,female,28.0,0,0,8.05,Unknown,S,1,Mrs
417,1,2,female,34.0,1,1,32.5,Unknown,S,3,Mrs
418,1,2,female,18.0,0,2,13.0,Unknown,S,3,Miss
419,0,2,male,30.0,0,0,13.0,Unknown,S,1,Mr
420,0,3,female,10.0,0,2,24.15,Unknown,S,3,Miss
421,0,3,male,28.0,0,0,7.8958,Unknown,C,1,Mr
422,0,3,male,21.0,0,0,7.7333,Unknown,Q,1,Mr
423,0,3,male,29.0,0,0,7.875,Unknown,S,1,Mr
424,0,3,female,28.0,1,1,14.4,Unknown,S,3,Mrs
425,0,3,male,18.0,1,1,20.2125,Unknown,S,3,Mr
426,0,3,male,28.0,0,0,7.25,Unknown,S,1,Mr
427,1,2,female,28.0,1,0,26.0,Unknown,S,2,Mrs
428,1,2,female,19.0,0,0,26.0,Unknown,S,1,Miss
429,0,3,male,28.0,0,0,7.75,Unknown,Q,1,Mr
430,1,3,male,32.0,0,0,8.05,E10,S,1,Mr
431,1,1,male,28.0,0,0,26.55,C52,S,1,Mr
432,1,3,female,28.0,1,0,16.1,Unknown,S,2,Mrs
433,1,2,female,42.0,1,0,26.0,Unknown,S,2,Mrs
434,0,3,male,17.0,0,0,7.125,Unknown,S,1,Mr
435,0,1,male,50.0,1,0,55.9,E44,S,2,Mr
436,1,1,female,14.0,1,2,120.0,B96 B98,S,4,Miss
437,0,3,female,21.0,2,2,34.375,Unknown,S,5,Miss
438,1,2,female,24.0,2,3,18.75,Unknown,S,6,Mrs
439,0,1,male,64.0,1,4,263.0,C23 C25 C27,S,6,Mr
440,0,2,male,31.0,0,0,10.5,Unknown,S,1,Mr
441,1,2,female,45.0,1,1,26.25,Unknown,S,3,Mrs
442,0,3,male,20.0,0,0,9.5,Unknown,S,1,Mr
443,0,3,male,25.0,1,0,7.775,Unknown,S,2,Mr
444,1,2,female,28.0,0,0,13.0,Unknown,S,1,Mrs
445,1,3,male,28.0,0,0,8.1125,Unknown,S,1,Mr
446,1,1,male,4.0,0,2,81.8583,A34,S,3,Master
447,1,2,female,13.0,0,1,19.5,Unknown,S,2,Miss
448,1,1,male,34.0,0,0,26.55,Unknown,S,1,Mr
449,1,3,female,5.0,2,1,19.2583,Unknown,C,4,Miss
450,1,1,male,52.0,0,0,30.5,C104,S,1,Officer
451,0,2,male,36.0,1,2,27.75,Unknown,S,4,Mr
452,0,3,male,28.0,1,0,19.9667,Unknown,S,2,Mr
453,0,1,male,30.0,0,0,27.75,C111,C,1,Mr
454,1,1,male,49.0,1,0,89.1042,C92,C,2,Mr
455,0,3,male,28.0,0,0,8.05,Unknown,S,1,Mr
456,1,3,male,29.0,0,0,7.8958,Unknown,C,1,Mr
457,0,1,male,65.0,0,0,26.55,E38,S,1,Mr
458,1,1,female,28.0,1,0,51.8625,D21,S,2,Mrs
459,1,2,female,50.0,0,0,10.5,Unknown,S,1,Miss
460,0,3,male,28.0,0,0,7.75,Unknown,Q,1,Mr
461,1,1,male,48.0,0,0,26.55,E12,S,1,Mr
462,0,3,male,34.0,0,0,8.05,Unknown,S,1,Mr
463,0,1,male,47.0,0,0,38.5,E63,S,1,Mr
464,0,2,male,48.0,0,0,13.0,Unknown,S,1,Mr
465,0,3,male,28.0,0,0,8.05,Unknown,S,1,Mr
466,0,3,male,38.0,0,0,7.05,Unknown,S,1,Mr
467,0,2,male,28.0,0,0,0.0,Unknown,S,1,Mr
468,0,1,male,56.0,0,0,26.55,Unknown,S,1,Mr
469,0,3,male,28.0,0,0,7.725,Unknown,Q,1,Mr
470,1,3,female,0.75,2,1,19.2583,Unknown,C,4,Miss
471,0,3,male,28.0,0,0,7.25,Unknown,S,1,Mr
472,0,3,male,38.0,0,0,8.6625,Unknown,S,1,Mr
473,1,2,female,33.0,1,2,27.75,Unknown,S,4,Mrs
474,1,2,female,23.0,0,0,13.7917,D,C,1,Mrs
475,0,3,female,22.0,0,0,9.8375,Unknown,S,1,Miss
476,0,1,male,28.0,0,0,52.0,A14,S,1,Mr
477,0,2,male,34.0,1,0,21.0,Unknown,S,2,Mr
478,0,3,male,29.0,1,0,7.0458,Unknown,S,2,Mr
479,0,3,male,22.0,0,0,7.5208,Unknown,S,1,Mr
480,1,3,female,2.0,0,1,12.2875,Unknown,S,2,Miss
481,0,3,male,9.0,5,2,46.9,Unknown,S,8,Master
482,0,2,male,28.0,0,0,0.0,Unknown,S,1,Mr
483,0,3,male,50.0,0,0,8.05,Unknown,S,1,Mr
484,1,3,female,63.0,0,0,9.5875,Unknown,S,1,Mrs
485,1,1,male,25.0,1,0,91.0792,B49,C,2,Mr
486,0,3,female,28.0,3,1,25.4667,Unknown,S,5,Miss
487,1,1,female,35.0,1,0,90.0,C93,S,2,Mrs
488,0,1,male,58.0,0,0,29.7,B37,C,1,Mr
489,0,3,male,30.0,0,0,8.05,Unknown,S,1,Mr
490,1,3,male,9.0,1,1,15.9,Unknown,S,3,Master
491,0,3,male,28.0,1,0,19.9667,Unknown,S,2,Mr
492,0,3,male,21.0,0,0,7.25,Unknown,S,1,Mr
493,0,1,male,55.0,0,0,30.5,C30,S,1,Mr
494,0,1,male,71.0,0,0,49.5042,Unknown,C,1,Mr
495,0,3,male,21.0,0,0,8.05,Unknown,S,1,Mr
496,0,3,male,28.0,0,0,14.4583,Unknown,C,1,Mr
497,1,1,female,54.0,1,0,78.2667,D20,C,2,Miss
498,0,3,male,28.0,0,0,15.1,Unknown,S,1,Mr
499,0,1,female,25.0,1,2,151.55,C22 C26,S,4,Mrs
500,0,3,male,24.0,0,0,7.7958,Unknown,S,1,Mr
501,0,3,male,17.0,0,0,8.6625,Unknown,S,1,Mr
502,0,3,female,21.0,0,0,7.75,Unknown,Q,1,Miss
503,0,3,female,28.0,0,0,7.6292,Unknown,Q,1,Miss
504,0,3,female,37.0,0,0,9.5875,Unknown,S,1,Miss
505,1,1,female,16.0,0,0,86.5,B79,S,1,Miss
506,0,1,male,18.0,1,0,108.9,C65,C,2,Mr
507,1,2,female,33.0,0,2,26.0,Unknown,S,3,Mrs
508,1,1,male,28.0,0,0,26.55,Unknown,S,1,Mr
509,0,3,male,28.0,0,0,22.525,Unknown,S,1,Mr
510,1,3,male,26.0,0,0,56.4958,Unknown,S,1,Mr
511,1,3,male,29.0,0,0,7.75,Unknown,Q,1,Mr
512,0,3,male,28.0,0,0,8.05,Unknown,S,1,Mr
513,1,1,male,36.0,0,0,26.2875,E25,S,1,Mr
514,1,1,female,54.0,1,0,59.4,Unknown,C,2,Mrs
515,0,3,male,24.0,0,0,7.4958,Unknown,S,1,Mr
516,0,1,male,47.0,0,0,34.0208,D46,S,1,Mr
517,1,2,female,34.0,0,0,10.5,F33,S,1,Mrs
518,0,3,male,28.0,0,0,24.15,Unknown,Q,1,Mr
519,1,2,female,36.0,1,0,26.0,Unknown,S,2,Mrs
520,0,3,male,32.0,0,0,7.8958,Unknown,S,1,Mr
521,1,1,female,30.0,0,0,93.5,B73,S,1,Miss
522,0,3,male,22.0,0,0,7.8958,Unknown,S,1,Mr
523,0,3,male,28.0,0,0,7.225,Unknown,C,1,Mr
524,1,1,female,44.0,0,1,57.9792,B18,C,2,Mrs
525,0,3,male,28.0,0,0,7.2292,Unknown,C,1,Mr
526,0,3,male,40.5,0,0,7.75,Unknown,Q,1,Mr
527,1,2,female,50.0,0,0,10.5,Unknown,S,1,Miss
528,0,1,male,28.0,0,0,221.7792,C95,S,1,Mr
529,0,3,male,39.0,0,0,7.925,Unknown,S,1,Mr
530,0,2,male,23.0,2,1,11.5,Unknown,S,4,Mr
531,1,2,female,2.0,1,1,26.0,Unknown,S,3,Miss
532,0,3,male,28.0,0,0,7.2292,Unknown,C,1,Mr
533,0,3,male,17.0,1,1,7.2292,Unknown,C,3,Mr
534,1,3,female,28.0,0,2,22.3583,Unknown,C,3,Mrs
535,0,3,female,30.0,0,0,8.6625,Unknown,S,1,Miss
536,1,2,female,7.0,0,2,26.25,Unknown,S,3,Miss
537,0,1,male,45.0,0,0,26.55,B38,S,1,Officer
538,1,1,female,30.0,0,0,106.425,Unknown,C,1,Miss
539,0,3,male,28.0,0,0,14.5,Unknown,S,1,Mr
540,1,1,female,22.0,0,2,49.5,B39,C,3,Miss
541,1,1,female,36.0,0,2,71.0,B22,S,3,Miss
542,0,3,female,9.0,4,2,31.275,Unknown,S,7,Miss
543,0,3,female,11.0,4,2,31.275,Unknown,S,7,Miss
544,1,2,male,32.0,1,0,26.0,Unknown,S,2,Mr
545,0,1,male,50.0,1,0,106.425,C86,C,2,Mr
546,0,1,male,64.0,0,0,26.0,Unknown,S,1,Mr
547,1,2,female,19.0,1,0,26.0,Unknown,S,2,Mrs
548,1,2,male,28.0,0,0,13.8625,Unknown,C,1,Mr
549,0,3,male,33.0,1,1,20.525,Unknown,S,3,Mr
550,1,2,male,8.0,1,1,36.75,Unknown,S,3,Master
551,1,1,male,17.0,0,2,110.8833,C70,C,3,Mr
552,0,2,male,27.0,0,0,26.0,Unknown,S,1,Mr
553,0,3,male,28.0,0,0,7.8292,Unknown,Q,1,Mr
554,1,3,male,22.0,0,0,7.225,Unknown,C,1,Mr
555,1,3,female,22.0,0,0,7.775,Unknown,S,1,Miss
556,0,1,male,62.0,0,0,26.55,Unknown,S,1,Mr
557,1,1,female,48.0,1,0,39.6,A16,C,2,Royalty
558,0,1,male,28.0,0,0,227.525,Unknown,C,1,Mr
559,1,1,female,39.0,1,1,79.65,E67,S,3,Mrs
560,1,3,female,36.0,1,0,17.4,Unknown,S,2,Mrs
561,0,3,male,28.0,0,0,7.75,Unknown,Q,1,Mr
562,0,3,male,40.0,0,0,7.8958,Unknown,S,1,Mr
563,0,2,male,28.0,0,0,13.5,Unknown,S,1,Mr
564,0,3,male,28.0,0,0,8.05,Unknown,S,1,Mr
565,0,3,female,28.0,0,0,8.05,Unknown,S,1,Miss
566,0,3,male,24.0,2,0,24.15,Unknown,S,3,Mr
567,0,3,male,19.0,0,0,7.8958,Unknown,S,1,Mr
568,0,3,female,29.0,0,4,21.075,Unknown,S,5,Mrs
569,0,3,male,28.0,0,0,7.2292,Unknown,C,1,Mr
570,1,3,male,32.0,0,0,7.8542,Unknown,S,1,Mr
571,1,2,male,62.0,0,0,10.5,Unknown,S,1,Mr
572,1,1,female,53.0,2,0,51.4792,C101,S,3,Mrs
573,1,1,male,36.0,0,0,26.3875,E25,S,1,Mr
574,1,3,female,28.0,0,0,7.75,Unknown,Q,1,Miss
575,0,3,male,16.0,0,0,8.05,Unknown,S,1,Mr
576,0,3,male,19.0,0,0,14.5,Unknown,S,1,Mr
577,1,2,female,34.0,0,0,13.0,Unknown,S,1,Miss
578,1,1,female,39.0,1,0,55.9,E44,S,2,Mrs
579,0,3,female,28.0,1,0,14.4583,Unknown,C,2,Mrs
580,1,3,male,32.0,0,0,7.925,Unknown,S,1,Mr
581,1,2,female,25.0,1,1,30.0,Unknown,S,3,Miss
582,1,1,female,39.0,1,1,110.8833,C68,C,3,Mrs
583,0,2,male,54.0,0,0,26.0,Unknown,S,1,Mr
584,0,1,male,36.0,0,0,40.125,A10,C,1,Mr
585,0,3,male,28.0,0,0,8.7125,Unknown,C,1,Mr
586,1,1,female,18.0,0,2,79.65,E68,S,3,Miss
587,0,2,male,47.0,0,0,15.0,Unknown,S,1,Mr
588,1,1,male,60.0,1,1,79.2,B41,C,3,Mr
589,0,3,male,22.0,0,0,8.05,Unknown,S,1,Mr
590,0,3,male,28.0,0,0,8.05,Unknown,S,1,Mr
591,0,3,male,35.0,0,0,7.125,Unknown,S,1,Mr
592,1,1,female,52.0,1,0,78.2667,D20,C,2,Mrs
593,0,3,male,47.0,0,0,7.25,Unknown,S,1,Mr
594,0,3,female,28.0,0,2,7.75,Unknown,Q,3,Miss
595,0,2,male,37.0,1,0,26.0,Unknown,S,2,Mr
596,0,3,male,36.0,1,1,24.15,Unknown,S,3,Mr
597,1,2,female,28.0,0,0,33.0,Unknown,S,1,Miss
598,0,3,male,49.0,0,0,0.0,Unknown,S,1,Mr
599,0,3,male,28.0,0,0,7.225,Unknown,C,1,Mr
600,1,1,male,49.0,1,0,56.9292,A20,C,2,Royalty
601,1,2,female,24.0,2,1,27.0,Unknown,S,4,Mrs
602,0,3,male,28.0,0,0,7.8958,Unknown,S,1,Mr
603,0,1,male,28.0,0,0,42.4,Unknown,S,1,Mr
604,0,3,male,44.0,0,0,8.05,Unknown,S,1,Mr
605,1,1,male,35.0,0,0,26.55,Unknown,C,1,Mr
606,0,3,male,36.0,1,0,15.55,Unknown,S,2,Mr
607,0,3,male,30.0,0,0,7.8958,Unknown,S,1,Mr
608,1,1,male,27.0,0,0,30.5,Unknown,S,1,Mr
609,1,2,female,22.0,1,2,41.5792,Unknown,C,4,Mrs
610,1,1,female,40.0,0,0,153.4625,C125,S,1,Miss
611,0,3,female,39.0,1,5,31.275,Unknown,S,7,Mrs
612,0,3,male,28.0,0,0,7.05,Unknown,S,1,Mr
613,1,3,female,28.0,1,0,15.5,Unknown,Q,2,Miss
614,0,3,male,28.0,0,0,7.75,Unknown,Q,1,Mr
615,0,3,male,35.0,0,0,8.05,Unknown,S,1,Mr
616,1,2,female,24.0,1,2,65.0,Unknown,S,4,Miss
617,0,3,male,34.0,1,1,14.4,Unknown,S,3,Mr
618,0,3,female,26.0,1,0,16.1,Unknown,S,2,Mrs
619,1,2,female,4.0,2,1,39.0,F4,S,4,Miss
620,0,2,male,26.0,0,0,10.5,Unknown,S,1,Mr
621,0,3,male,27.0,1,0,14.4542,Unknown,C,2,Mr
622,1,1,male,42.0,1,0,52.5542,D19,S,2,Mr
623,1,3,male,20.0,1,1,15.7417,Unknown,C,3,Mr
624,0,3,male,21.0,0,0,7.8542,Unknown,S,1,Mr
625,0,3,male,21.0,0,0,16.1,Unknown,S,1,Mr
626,0,1,male,61.0,0,0,32.3208,D50,S,1,Mr
627,0,2,male,57.0,0,0,12.35,Unknown,Q,1,Officer
628,1,1,female,21.0,0,0,77.9583,D9,S,1,Miss
629,0,3,male,26.0,0,0,7.8958,Unknown,S,1,Mr
630,0,3,male,28.0,0,0,7.7333,Unknown,Q,1,Mr
631,1,1,male,80.0,0,0,30.0,A23,S,1,Mr
632,0,3,male,51.0,0,0,7.0542,Unknown,S,1,Mr
633,1,1,male,32.0,0,0,30.5,B50,C,1,Officer
634,0,1,male,28.0,0,0,0.0,Unknown,S,1,Mr
635,0,3,female,9.0,3,2,27.9,Unknown,S,6,Miss
636,1,2,female,28.0,0,0,13.0,Unknown,S,1,Miss
637,0,3,male,32.0,0,0,7.925,Unknown,S,1,Mr
638,0,2,male,31.0,1,1,26.25,Unknown,S,3,Mr
639,0,3,female,41.0,0,5,39.6875,Unknown,S,6,Mrs
640,0,3,male,28.0,1,0,16.1,Unknown,S,2,Mr
641,0,3,male,20.0,0,0,7.8542,Unknown,S,1,Mr
642,1,1,female,24.0,0,0,69.3,B35,C,1,Miss
643,0,3,female,2.0,3,2,27.9,Unknown,S,6,Miss
644,1,3,male,28.0,0,0,56.4958,Unknown,S,1,Mr
645,1,3,female,0.75,2,1,19.2583,Unknown,C,4,Miss
646,1,1,male,48.0,1,0,76.7292,D33,C,2,Mr
647,0,3,male,19.0,0,0,7.8958,Unknown,S,1,Mr
648,1,1,male,56.0,0,0,35.5,A26,C,1,Officer
649,0,3,male,28.0,0,0,7.55,Unknown,S,1,Mr
650,1,3,female,23.0,0,0,7.55,Unknown,S,1,Miss
651,0,3,male,28.0,0,0,7.8958,Unknown,S,1,Mr
652,1,2,female,18.0,0,1,23.0,Unknown,S,2,Miss
653,0,3,male,21.0,0,0,8.4333,Unknown,S,1,Mr
654,1,3,female,28.0,0,0,7.8292,Unknown,Q,1,Miss
655,0,3,female,18.0,0,0,6.75,Unknown,Q,1,Miss
656,0,2,male,24.0,2,0,73.5,Unknown,S,3,Mr
657,0,3,male,28.0,0,0,7.8958,Unknown,S,1,Mr
658,0,3,female,32.0,1,1,15.5,Unknown,Q,3,Mrs
659,0,2,male,23.0,0,0,13.0,Unknown,S,1,Mr
660,0,1,male,58.0,0,2,113.275,D48,C,3,Mr
661,1,1,male,50.0,2,0,133.65,Unknown,S,3,Officer
662,0,3,male,40.0,0,0,7.225,Unknown,C,1,Mr
663,0,1,male,47.0,0,0,25.5875,E58,S,1,Mr
664,0,3,male,36.0,0,0,7.4958,Unknown,S,1,Mr
665,1,3,male,20.0,1,0,7.925,Unknown,S,2,Mr
666,0,2,male,32.0,2,0,73.5,Unknown,S,3,Mr
667,0,2,male,25.0,0,0,13.0,Unknown,S,1,Mr
668,0,3,male,28.0,0,0,7.775,Unknown,S,1,Mr
669,0,3,male,43.0,0,0,8.05,Unknown,S,1,Mr
670,1,1,female,28.0,1,0,52.0,C126,S,2,Mrs
671,1,2,female,40.0,1,1,39.0,Unknown,S,3,Mrs
672,0,1,male,31.0,1,0,52.0,B71,S,2,Mr
673,0,2,male,70.0,0,0,10.5,Unknown,S,1,Mr
674,1,2,male,31.0,0,0,13.0,Unknown,S,1,Mr
675,0,2,male,28.0,0,0,0.0,Unknown,S,1,Mr
676,0,3,male,18.0,0,0,7.775,Unknown,S,1,Mr
677,0,3,male,24.5,0,0,8.05,Unknown,S,1,Mr
678,1,3,female,18.0,0,0,9.8417,Unknown,S,1,Miss
679,0,3,female,43.0,1,6,46.9,Unknown,S,8,Mrs
680,1,1,male,36.0,0,1,512.3292,B51 B53 B55,C,2,Mr
681,0,3,female,28.0,0,0,8.1375,Unknown,Q,1,Miss
682,1,1,male,27.0,0,0,76.7292,D49,C,1,Mr
683,0,3,male,20.0,0,0,9.225,Unknown,S,1,Mr
684,0,3,male,14.0,5,2,46.9,Unknown,S,8,Mr
685,0,2,male,60.0,1,1,39.0,Unknown,S,3,Mr
686,0,2,male,25.0,1,2,41.5792,Unknown,C,4,Mr
687,0,3,male,14.0,4,1,39.6875,Unknown,S,6,Mr
688,0,3,male,19.0,0,0,10.1708,Unknown,S,1,Mr
689,0,3,male,18.0,0,0,7.7958,Unknown,S,1,Mr
690,1,1,female,15.0,0,1,211.3375,B5,S,2,Miss
691,1,1,male,31.0,1,0,57.0,B20,S,2,Mr
692,1,3,female,4.0,0,1,13.4167,Unknown,C,2,Miss
693,1,3,male,28.0,0,0,56.4958,Unknown,S,1,Mr
694,0,3,male,25.0,0,0,7.225,Unknown,C,1,Mr
695,0,1,male,60.0,0,0,26.55,Unknown,S,1,Officer
696,0,2,male,52.0,0,0,13.5,Unknown,S,1,Mr
697,0,3,male,44.0,0,0,8.05,Unknown,S,1,Mr
698,1,3,female,28.0,0,0,7.7333,Unknown,Q,1,Miss
699,0,1,male,49.0,1,1,110.8833,C68,C,3,Mr
700,0,3,male,42.0,0,0,7.65,F G63,S,1,Mr
701,1,1,female,18.0,1,0,227.525,C62 C64,C,2,Mrs
702,1,1,male,35.0,0,0,26.2875,E24,S,1,Mr
703,0,3,female,18.0,0,1,14.4542,Unknown,C,2,Miss
704,0,3,male,25.0,0,0,7.7417,Unknown,Q,1,Mr
705,0,3,male,26.0,1,0,7.8542,Unknown,S,2,Mr
706,0,2,male,39.0,0,0,26.0,Unknown,S,1,Mr
707,1,2,female,45.0,0,0,13.5,Unknown,S,1,Mrs
708,1,1,male,42.0,0,0,26.2875,E24,S,1,Mr
709,1,1,female,22.0,0,0,151.55,Unknown,S,1,Miss
710,1,3,male,28.0,1,1,15.2458,Unknown,C,3,Master
711,1,1,female,24.0,0,0,49.5042,C90,C,1,Miss
712,0,1,male,28.0,0,0,26.55,C124,S,1,Mr
713,1,1,male,48.0,1,0,52.0,C126,S,2,Mr
714,0,3,male,29.0,0,0,9.4833,Unknown,S,1,Mr
715,0,2,male,52.0,0,0,13.0,Unknown,S,1,Mr
716,0,3,male,19.0,0,0,7.65,F G73,S,1,Mr
717,1,1,female,38.0,0,0,227.525,C45,C,1,Miss
718,1,2,female,27.0,0,0,10.5,E101,S,1,Miss
719,0,3,male,28.0,0,0,15.5,Unknown,Q,1,Mr
720,0,3,male,33.0,0,0,7.775,Unknown,S,1,Mr
721,1,2,female,6.0,0,1,33.0,Unknown,S,2,Miss
722,0,3,male,17.0,1,0,7.0542,Unknown,S,2,Mr
723,0,2,male,34.0,0,0,13.0,Unknown,S,1,Mr
724,0,2,male,50.0,0,0,13.0,Unknown,S,1,Mr
725,1,1,male,27.0,1,0,53.1,E8,S,2,Mr
726,0,3,male,20.0,0,0,8.6625,Unknown,S,1,Mr
727,1,2,female,30.0,3,0,21.0,Unknown,S,4,Mrs
728,1,3,female,28.0,0,0,7.7375,Unknown,Q,1,Miss
729,0,2,male,25.0,1,0,26.0,Unknown,S,2,Mr
730,0,3,female,25.0,1,0,7.925,Unknown,S,2,Miss
731,1,1,female,29.0,0,0,211.3375,B5,S,1,Miss
732,0,3,male,11.0,0,0,18.7875,Unknown,C,1,Mr
733,0,2,male,28.0,0,0,0.0,Unknown,S,1,Mr
734,0,2,male,23.0,0,0,13.0,Unknown,S,1,Mr
735,0,2,male,23.0,0,0,13.0,Unknown,S,1,Mr
736,0,3,male,28.5,0,0,16.1,Unknown,S,1,Mr
737,0,3,female,48.0,1,3,34.375,Unknown,S,5,Mrs
738,1,1,male,35.0,0,0,512.3292,B101,C,1,Mr
739,0,3,male,28.0,0,0,7.8958,Unknown,S,1,Mr
740,0,3,male,28.0,0,0,7.8958,Unknown,S,1,Mr
741,1,1,male,28.0,0,0,30.0,D45,S,1,Mr
742,0,1,male,36.0,1,0,78.85,C46,S,2,Mr
743,1,1,female,21.0,2,2,262.375,B57 B59 B63 B66,C,5,Miss
744,0,3,male,24.0,1,0,16.1,Unknown,S,2,Mr
745,1,3,male,31.0,0,0,7.925,Unknown,S,1,Mr
746,0,1,male,70.0,1,1,71.0,B22,S,3,Officer
747,0,3,male,16.0,1,1,20.25,Unknown,S,3,Mr
748,1,2,female,30.0,0,0,13.0,Unknown,S,1,Miss
749,0,1,male,19.0,1,0,53.1,D30,S,2,Mr
750,0,3,male,31.0,0,0,7.75,Unknown,Q,1,Mr
751,1,2,female,4.0,1,1,23.0,Unknown,S,3,Miss
752,1,3,male,6.0,0,1,12.475,E121,S,2,Master
753,0,3,male,33.0,0,0,9.5,Unknown,S,1,Mr
754,0,3,male,23.0,0,0,7.8958,Unknown,S,1,Mr
755,1,2,female,48.0,1,2,65.0,Unknown,S,4,Mrs
756,1,2,male,0.67,1,1,14.5,Unknown,S,3,Master
757,0,3,male,28.0,0,0,7.7958,Unknown,S,1,Mr
758,0,2,male,18.0,0,0,11.5,Unknown,S,1,Mr
759,0,3,male,34.0,0,0,8.05,Unknown,S,1,Mr
760,1,1,female,33.0,0,0,86.5,B77,S,1,Royalty
761,0,3,male,28.0,0,0,14.5,Unknown,S,1,Mr
762,0,3,male,41.0,0,0,7.125,Unknown,S,1,Mr
763,1,3,male,20.0,0,0,7.2292,Unknown,C,1,Mr
764,1,1,female,36.0,1,2,120.0,B96 B98,S,4,Mrs
765,0,3,male,16.0,0,0,7.775,Unknown,S,1,Mr
766,1,1,female,51.0,1,0,77.9583,D11,S,2,Mrs
767,0,1,male,28.0,0,0,39.6,Unknown,C,1,Officer
768,0,3,female,30.5,0,0,7.75,Unknown,Q,1,Miss
769,0,3,male,28.0,1,0,24.15,Unknown,Q,2,Mr
770,0,3,male,32.0,0,0,8.3625,Unknown,S,1,Mr
771,0,3,male,24.0,0,0,9.5,Unknown,S,1,Mr
772,0,3,male,48.0,0,0,7.8542,Unknown,S,1,Mr
773,0,2,female,57.0,0,0,10.5,E77,S,1,Mrs
774,0,3,male,28.0,0,0,7.225,Unknown,C,1,Mr
775,1,2,female,54.0,1,3,23.0,Unknown,S,5,Mrs
776,0,3,male,18.0,0,0,7.75,Unknown,S,1,Mr
777,0,3,male,28.0,0,0,7.75,F38,Q,1,Mr
778,1,3,female,5.0,0,0,12.475,Unknown,S,1,Miss
779,0,3,male,28.0,0,0,7.7375,Unknown,Q,1,Mr
780,1,1,female,43.0,0,1,211.3375,B3,S,2,Mrs
781,1,3,female,13.0,0,0,7.2292,Unknown,C,1,Miss
782,1,1,female,17.0,1,0,57.0,B20,S,2,Mrs
783,0,1,male,29.0,0,0,30.0,D6,S,1,Mr
784,0,3,male,28.0,1,2,23.45,Unknown,S,4,Mr
785,0,3,male,25.0,0,0,7.05,Unknown,S,1,Mr
786,0,3,male,25.0,0,0,7.25,Unknown,S,1,Mr
787,1,3,female,18.0,0,0,7.4958,Unknown,S,1,Miss
788,0,3,male,8.0,4,1,29.125,Unknown,Q,6,Master
789,1,3,male,1.0,1,2,20.575,Unknown,S,4,Master
790,0,1,male,46.0,0,0,79.2,B82 B84,C,1,Mr
791,0,3,male,28.0,0,0,7.75,Unknown,Q,1,Mr
792,0,2,male,16.0,0,0,26.0,Unknown,S,1,Mr
793,0,3,female,28.0,8,2,69.55,Unknown,S,11,Miss
794,0,1,male,28.0,0,0,30.6958,Unknown,C,1,Mr
795,0,3,male,25.0,0,0,7.8958,Unknown,S,1,Mr
796,0,2,male,39.0,0,0,13.0,Unknown,S,1,Mr
797,1,1,female,49.0,0,0,25.9292,D17,S,1,Officer
798,1,3,female,31.0,0,0,8.6833,Unknown,S,1,Mrs
799,0,3,male,30.0,0,0,7.2292,Unknown,C,1,Mr
800,0,3,female,30.0,1,1,24.15,Unknown,S,3,Mrs
801,0,2,male,34.0,0,0,13.0,Unknown,S,1,Mr
802,1,2,female,31.0,1,1,26.25,Unknown,S,3,Mrs
803,1,1,male,11.0,1,2,120.0,B96 B98,S,4,Master
804,1,3,male,0.42,0,1,8.5167,Unknown,C,2,Master
805,1,3,male,27.0,0,0,6.975,Unknown,S,1,Mr
806,0,3,male,31.0,0,0,7.775,Unknown,S,1,Mr
807,0,1,male,39.0,0,0,0.0,A36,S,1,Mr
808,0,3,female,18.0,0,0,7.775,Unknown,S,1,Miss
809,0,2,male,39.0,0,0,13.0,Unknown,S,1,Mr
810,1,1,female,33.0,1,0,53.1,E8,S,2,Mrs
811,0,3,male,26.0,0,0,7.8875,Unknown,S,1,Mr
812,0,3,male,39.0,0,0,24.15,Unknown,S,1,Mr
813,0,2,male,35.0,0,0,10.5,Unknown,S,1,Mr
814,0,3,female,6.0,4,2,31.275,Unknown,S,7,Miss
815,0,3,male,30.5,0,0,8.05,Unknown,S,1,Mr
816,0,1,male,28.0,0,0,0.0,B102,S,1,Mr
817,0,3,female,23.0,0,0,7.925,Unknown,S,1,Miss
818,0,2,male,31.0,1,1,37.0042,Unknown,C,3,Mr
819,0,3,male,43.0,0,0,6.45,Unknown,S,1,Mr
820,0,3,male,10.0,3,2,27.9,Unknown,S,6,Master
821,1,1,female,52.0,1,1,93.5,B69,S,3,Mrs
822,1,3,male,27.0,0,0,8.6625,Unknown,S,1,Mr
823,0,1,male,38.0,0,0,0.0,Unknown,S,1,Royalty
824,1,3,female,27.0,0,1,12.475,E121,S,2,Mrs
825,0,3,male,2.0,4,1,39.6875,Unknown,S,6,Master
826,0,3,male,28.0,0,0,6.95,Unknown,Q,1,Mr
827,0,3,male,28.0,0,0,56.4958,Unknown,S,1,Mr
828,1,2,male,1.0,0,2,37.0042,Unknown,C,3,Master
829,1,3,male,28.0,0,0,7.75,Unknown,Q,1,Mr
830,1,1,female,62.0,0,0,80.0,B28,S,1,Mrs
831,1,3,female,15.0,1,0,14.4542,Unknown,C,2,Mrs
832,1,2,male,0.83,1,1,18.75,Unknown,S,3,Master
833,0,3,male,28.0,0,0,7.2292,Unknown,C,1,Mr
834,0,3,male,23.0,0,0,7.8542,Unknown,S,1,Mr
835,0,3,male,18.0,0,0,8.3,Unknown,S,1,Mr
836,1,1,female,39.0,1,1,83.1583,E49,C,3,Miss
837,0,3,male,21.0,0,0,8.6625,Unknown,S,1,Mr
838,0,3,male,28.0,0,0,8.05,Unknown,S,1,Mr
839,1,3,male,32.0,0,0,56.4958,Unknown,S,1,Mr
840,1,1,male,28.0,0,0,29.7,C47,C,1,Mr
841,0,3,male,20.0,0,0,7.925,Unknown,S,1,Mr
842,0,2,male,16.0,0,0,10.5,Unknown,S,1,Mr
843,1,1,female,30.0,0,0,31.0,Unknown,C,1,Miss
844,0,3,male,34.5,0,0,6.4375,Unknown,C,1,Mr
845,0,3,male,17.0,0,0,8.6625,Unknown,S,1,Mr
846,0,3,male,42.0,0,0,7.55,Unknown,S,1,Mr
847,0,3,male,28.0,8,2,69.55,Unknown,S,11,Mr
848,0,3,male,35.0,0,0,7.8958,Unknown,C,1,Mr
849,0,2,male,28.0,0,1,33.0,Unknown,S,2,Officer
850,1,1,female,28.0,1,0,89.1042,C92,C,2,Mrs
851,0,3,male,4.0,4,2,31.275,Unknown,S,7,Master
852,0,3,male,74.0,0,0,7.775,Unknown,S,1,Mr
853,0,3,female,9.0,1,1,15.2458,Unknown,C,3,Miss
854,1,1,female,16.0,0,1,39.4,D28,S,2,Miss
855,0,2,female,44.0,1,0,26.0,Unknown,S,2,Mrs
856,1,3,female,18.0,0,1,9.35,Unknown,S,2,Mrs
857,1,1,female,45.0,1,1,164.8667,Unknown,S,3,Mrs
858,1,1,male,51.0,0,0,26.55,E17,S,1,Mr
859,1,3,female,24.0,0,3,19.2583,Unknown,C,4,Mrs
860,0,3,male,28.0,0,0,7.2292,Unknown,C,1,Mr
861,0,3,male,41.0,2,0,14.1083,Unknown,S,3,Mr
862,0,2,male,21.0,1,0,11.5,Unknown,S,2,Mr
863,1,1,female,48.0,0,0,25.9292,D17,S,1,Mrs
864,0,3,female,28.0,8,2,69.55,Unknown,S,11,Miss
865,0,2,male,24.0,0,0,13.0,Unknown,S,1,Mr
866,1,2,female,42.0,0,0,13.0,Unknown,S,1,Mrs
867,1,2,female,27.0,1,0,13.8583,Unknown,C,2,Miss
868,0,1,male,31.0,0,0,50.4958,A24,S,1,Mr
869,0,3,male,28.0,0,0,9.5,Unknown,S,1,Mr
870,1,3,male,4.0,1,1,11.1333,Unknown,S,3,Master
871,0,3,male,26.0,0,0,7.8958,Unknown,S,1,Mr
872,1,1,female,47.0,1,1,52.5542,D35,S,3,Mrs
873,0,1,male,33.0,0,0,5.0,B51 B53 B55,S,1,Mr
874,0,3,male,47.0,0,0,9.0,Unknown,S,1,Mr
875,1,2,female,28.0,1,0,24.0,Unknown,C,2,Mrs
876,1,3,female,15.0,0,0,7.225,Unknown,C,1,Miss
877,0,3,male,20.0,0,0,9.8458,Unknown,S,1,Mr
878,0,3,male,19.0,0,0,7.8958,Unknown,S,1,Mr
879,0,3,male,28.0,0,0,7.8958,Unknown,S,1,Mr
880,1,1,female,56.0,0,1,83.1583,C50,C,2,Mrs
881,1,2,female,25.0,0,1,26.0,Unknown,S,2,Mrs
882,0,3,male,33.0,0,0,7.8958,Unknown,S,1,Mr
883,0,3,female,22.0,0,0,10.5167,Unknown,S,1,Miss
884,0,2,male,28.0,0,0,10.5,Unknown,S,1,Mr
885,0,3,male,25.0,0,0,7.05,Unknown,S,1,Mr
886,0,3,female,39.0,0,5,29.125,Unknown,Q,6,Mrs
887,0,2,male,27.0,0,0,13.0,Unknown,S,1,Officer
888,1,1,female,19.0,0,0,30.0,B42,S,1,Miss
889,0,3,female,28.0,1,2,23.45,Unknown,S,4,Miss
890,1,1,male,26.0,0,0,30.0,C148,C,1,Mr
891,0,3,male,32.0,0,0,7.75,Unknown,Q,1,Mr
